{
"lengthUnit": "mil",
"remark": ["fly_line"],
"components": {
	"fields": ["COMPONENT_NO", "COMPONENT_NAME", "LAYER", "X_COORDINATE", "Y_COORDINATE", "ANGLE"],
	"rows": [
		[1, "C1", "T", 3190.7465, 1986.1745, 180],
		[2, "LED1", "T", 3295, 1945, 270],
		[3, "LED2", "T", 3656, 2730, 0],
		[4, "LED2", "T", 5462.211, 295.9515, 90],
		[5, "R1", "T", 3090, 1940, 90],
		[6, "U1", "T", 3190, 1900, 0],
		[7, "PAD1", "T", 3163.1865, 1986.1745, 0],
		[8, "PAD2", "T", 3218.3065, 1986.1745, 0],
		[9, "PAD3", "T", 3295.005, 1913.525, 0],
		[10, "PAD4", "T", 3294.995, 1976.475, 0],
		[11, "PAD5", "T", 3090, 1969.66, 0],
		[12, "PAD6", "T", 3090, 1910.34, 0],
		[13, "PAD7", "T", 3190, 1876.379, 0],
		[14, "PAD8", "T", 3164.41, 1880.319, 0],
		[15, "PAD9", "T", 3164.41, 1899.999, 0],
		[16, "PAD10", "T", 3215.59, 1899.999, 0],
		[17, "PAD11", "T", 3215.59, 1880.319, 0]
	]
},
"pins": {
	"fields": ["PIN_NO", "PIN_NAME", "PIN_X", "PIN_Y", "LAYER", "PIN_TYPE", "NET_NAME", "NET_TYPE", "PAD_SHAPE", "PAD_SIZEX", "PAD_SIZEY", "HOLE_SIZE", "HOLE_LEN", "PAD_ANGLE"],
	"rows": [
		[1, "C1_1", 3218.3065, 1986.1745, "T", "SMD", "GND", "GND", "R", 31.496, 35.433, 0, 0, 180],
		[2, "C1_2", 3163.1865, 1986.1745, "T", "SMD", "VCC", "", "R", 31.496, 35.433, 0, 0, 180],
		[3, "LED1_1", 3294.995, 1976.475, "T", "SMD", "GND", "GND", "R", 31.496, 31.496, 0, 0, 0],
		[4, "LED1_2", 3295.005, 1913.525, "T", "SMD", "$1N583", "", "R", 31.496, 31.496, 0, 0, 0],
		[5, "LED2_1", 3624.517, 2729.867, "T", "SMD", "NET_1", "", "R", 31.496, 31.496, 0, 0, 90],
		[6, "LED2_2", 3687.477, 2730.137, "T", "SMD", "NET_2", "", "R", 31.496, 31.496, 0, 0, 90],
		[7, "LED2_1", 5462.344, 264.4685, "T", "SMD", "NET_3", "", "R", 31.496, 31.496, 0, 0, 180],
		[8, "LED2_2", 5462.074, 327.4285, "T", "SMD", "NET_4", "", "R", 31.496, 31.496, 0, 0, 180],
		[9, "R1_1", 3090, 1910.34, "T", "SMD", "$1N583", "", "R", 31.751, 34.016, 0, 0, 90],
		[10, "R1_2", 3090, 1969.66, "T", "SMD", "VCC", "", "R", 31.751, 34.016, 0, 0, 90],
		[11, "U1_1", 3215.59, 1880.319, "T", "SMD", "$1N241", "", "R", 19.685, 11.811, 0, 0, 180],
		[12, "U1_2", 3215.59, 1899.999, "T", "SMD", "GND", "GND", "R", 19.685, 11.811, 0, 0, 180],
		[13, "U1_3", 3215.59, 1919.689, "T", "SMD", "NET_5", "", "R", 19.685, 11.811, 0, 0, 180],
		[14, "U1_4", 3190, 1923.619, "T", "SMD", "NET_6", "", "R", 19.685, 11.811, 0, 0, 270],
		[15, "U1_5", 3164.41, 1919.689, "T", "SMD", "NET_7", "", "R", 19.685, 11.811, 0, 0, 180],
		[16, "U1_6", 3164.41, 1899.999, "T", "SMD", "VCC", "", "R", 19.685, 11.811, 0, 0, 180],
		[17, "U1_7", 3164.41, 1880.319, "T", "SMD", "VCC", "", "R", 19.685, 11.811, 0, 0, 180],
		[18, "U1_8", 3190, 1876.379, "T", "SMD", "$1N241", "", "R", 19.685, 11.811, 0, 0, 270],
		[19, "U1_9", 3190, 1899.999, "T", "SMD", "NET_8", "", "R", 11.811, 11.811, 0, 0, 270],
		[20, "PAD1_2", 3163.1865, 1986.1745, "T", "SMD", "VCC", "", "R", 31.496, 35.433, 0, 0, 180],
		[21, "PAD2_1", 3218.3065, 1986.1745, "T", "SMD", "GND", "GND", "R", 31.496, 35.433, 0, 0, 180],
		[22, "PAD3_2", 3295.005, 1913.525, "T", "SMD", "$1N583", "", "R", 31.496, 31.496, 0, 0, 0],
		[23, "PAD4_1", 3294.995, 1976.475, "T", "SMD", "GND", "GND", "R", 31.496, 31.496, 0, 0, 0],
		[24, "PAD5_2", 3090, 1969.66, "T", "SMD", "VCC", "", "R", 31.751, 34.016, 0, 0, 90],
		[25, "PAD6_1", 3090, 1910.34, "T", "SMD", "$1N583", "", "R", 31.751, 34.016, 0, 0, 90],
		[26, "PAD7_8", 3190, 1876.379, "T", "SMD", "$1N241", "", "R", 19.685, 11.811, 0, 0, 270],
		[27, "PAD8_7", 3164.41, 1880.319, "T", "SMD", "VCC", "", "R", 19.685, 11.811, 0, 0, 180],
		[28, "PAD9_6", 3164.41, 1899.999, "T", "SMD", "VCC", "", "R", 19.685, 11.811, 0, 0, 180],
		[29, "PAD10_2", 3215.59, 1899.999, "T", "SMD", "GND", "GND", "R", 19.685, 11.811, 0, 0, 180],
		[30, "PAD11_1", 3215.59, 1880.319, "T", "SMD", "$1N241", "", "R", 19.685, 11.811, 0, 0, 180]
	]
}
}