{
"lengthUnit": "mil",
"remark": [],
"components": {
	"fields": ["COMPONENT_NO", "COMPONENT_NAME", "LAYER", "X_COORDINATE", "Y_COORDINATE", "ANGLE"],
	"rows": [
		[1, "A1", "T", 1380, -1920, 90],
		[2, "C1", "B", 440, -2075, 180],
		[3, "LED1", "B", 545, -2015, 270],
		[4, "R1", "B", 335, -2015, 90],
		[5, "U1", "B", 440, -1985, 0],
		[6, "PAD1", "B", 540, -1875.003, 0],
		[7, "PAD2", "B", 540, -1910.003, 0],
		[8, "PAD3", "B", 412.44, -2075, 0],
		[9, "PAD4", "B", 467.56, -2075, 0],
		[10, "PAD5", "B", 544.995, -2046.475, 0],
		[11, "PAD6", "B", 545.005, -1983.525, 0],
		[12, "PAD7", "B", 335, -1985.34, 0],
		[13, "PAD8", "B", 335, -2044.66, 0],
		[14, "PAD9", "B", 440, -1961.379, 0],
		[15, "PAD10", "B", 414.41, -1965.319, 0],
		[16, "PAD11", "B", 414.41, -1984.999, 0],
		[17, "PAD12", "B", 465.59, -1984.999, 0],
		[18, "PAD13", "B", 465.59, -1965.319, 0]
	]
},
"pins": {
	"fields": ["PIN_NO", "PIN_NAME", "PIN_X", "PIN_Y", "LAYER", "PIN_TYPE", "NET_NAME", "NET_TYPE", "PAD_SHAPE", "PAD_SIZEX", "PAD_SIZEY", "HOLE_SIZE", "HOLE_LEN", "PAD_ANGLE"],
	"rows": [
		[1, "A1_1", 540, -1875.003, "B", "SMD", "$1N5", "", "R", 30, 12, 0, 0, 180],
		[2, "A1_2", 540, -1910.003, "B", "SMD", "$1N4", "", "R", 30, 12, 0, 0, 180],
		[3, "C1_1", 467.56, -2075, "B", "SMD", "GND", "GND", "R", 31.496, 35.433, 0, 0, 180],
		[4, "C1_2", 412.44, -2075, "B", "SMD", "VCC", "", "R", 31.496, 35.433, 0, 0, 180],
		[5, "LED1_1", 545.005, -1983.525, "B", "SMD", "GND", "GND", "R", 31.496, 31.496, 0, 0, 180],
		[6, "LED1_2", 544.995, -2046.475, "B", "SMD", "$1N6", "", "R", 31.496, 31.496, 0, 0, 180],
		[7, "R1_1", 335, -2044.66, "B", "SMD", "$1N6", "", "R", 31.751, 34.016, 0, 0, 90],
		[8, "R1_2", 335, -1985.34, "B", "SMD", "VCC", "", "R", 31.751, 34.016, 0, 0, 90],
		[9, "U1_1", 465.59, -1965.319, "B", "SMD", "$1N4", "", "R", 19.685, 11.811, 0, 0, 180],
		[10, "U1_2", 465.59, -1984.999, "B", "SMD", "GND", "GND", "R", 19.685, 11.811, 0, 0, 180],
		[11, "U1_3", 465.59, -2004.689, "B", "SMD", "NET_1", "", "R", 19.685, 11.811, 0, 0, 180],
		[12, "U1_4", 440, -2008.619, "B", "SMD", "NET_2", "", "R", 19.685, 11.811, 0, 0, 90],
		[13, "U1_5", 414.41, -2004.689, "B", "SMD", "NET_3", "", "R", 19.685, 11.811, 0, 0, 180],
		[14, "U1_6", 414.41, -1984.999, "B", "SMD", "VCC", "", "R", 19.685, 11.811, 0, 0, 180],
		[15, "U1_7", 414.41, -1965.319, "B", "SMD", "VCC", "", "R", 19.685, 11.811, 0, 0, 180],
		[16, "U1_8", 440, -1961.379, "B", "SMD", "$1N5", "", "R", 19.685, 11.811, 0, 0, 90],
		[17, "U1_9", 440, -1984.999, "B", "SMD", "NET_4", "", "R", 11.811, 11.811, 0, 0, 90],
		[18, "PAD1_1", 540, -1875.003, "B", "SMD", "$1N5", "", "R", 30, 12, 0, 0, 180],
		[19, "PAD2_2", 540, -1910.003, "B", "SMD", "$1N4", "", "R", 30, 12, 0, 0, 180],
		[20, "PAD3_2", 412.44, -2075, "B", "SMD", "VCC", "", "R", 31.496, 35.433, 0, 0, 180],
		[21, "PAD4_1", 467.56, -2075, "B", "SMD", "GND", "GND", "R", 31.496, 35.433, 0, 0, 180],
		[22, "PAD5_2", 544.995, -2046.475, "B", "SMD", "$1N6", "", "R", 31.496, 31.496, 0, 0, 180],
		[23, "PAD6_1", 545.005, -1983.525, "B", "SMD", "GND", "GND", "R", 31.496, 31.496, 0, 0, 180],
		[24, "PAD7_2", 335, -1985.34, "B", "SMD", "VCC", "", "R", 31.751, 34.016, 0, 0, 90],
		[25, "PAD8_1", 335, -2044.66, "B", "SMD", "$1N6", "", "R", 31.751, 34.016, 0, 0, 90],
		[26, "PAD9_8", 440, -1961.379, "B", "SMD", "$1N5", "", "R", 19.685, 11.811, 0, 0, 90],
		[27, "PAD10_7", 414.41, -1965.319, "B", "SMD", "VCC", "", "R", 19.685, 11.811, 0, 0, 180],
		[28, "PAD11_6", 414.41, -1984.999, "B", "SMD", "VCC", "", "R", 19.685, 11.811, 0, 0, 180],
		[29, "PAD12_2", 465.59, -1984.999, "B", "SMD", "GND", "GND", "R", 19.685, 11.811, 0, 0, 180],
		[30, "PAD13_1", 465.59, -1965.319, "B", "SMD", "$1N4", "", "R", 19.685, 11.811, 0, 0, 180]
	]
}
}